cluster,share_groceries,share_electronics,share_vegetables,share_nonalcohol_drinks,share_alcohol_drinks,share_meat,share_fish,share_hygiene,share_videogames,share_petfood
0,0.3855420501409131,0.14969877290007388,0.054550018872650305,0.044156116492161314,0.05420154892001379,0.09805644989377582,0.07455852371427021,0.07999335722287693,0.027775143356006116,0.04285312210301342
1,0.7518170724481995,0.08589426359485068,0.019183119983734384,0.017128686786483553,0.022784090502570128,0.03098117044638671,0.027776566877864006,0.028468416575770657,0.009176650803453824,0.01132423858265531
2,0.5993935599002839,0.09543046174932114,0.11894590211443896,0.034027042845232884,0.02033193070789526,0.008113797757311888,0.007149741135934724,0.08711892910741686,0.012725471301934962,0.022345927818146885
3,0.7387444082579827,0.05995650794597218,0.025169203677192897,0.01563999368645925,0.030447969496683783,0.04343849129217182,0.028222324454051782,0.031455726131665675,0.012451542870925633,0.01940160312701179
4,0.34765514170803014,0.4011177897656064,0.009753481599580864,0.025152885448423708,0.05096566232834684,0.041023683123874735,0.0383413220269993,0.012775768502228953,0.06974580370380053,0.0140303064412267
