antecedents,consequents,antecedent support,consequent support,support,confidence,lift,representativity,leverage,conviction,zhangs_metric,jaccard,certainty,kulczynski
bluetooth headphones,airpods,0.07279,0.12145,0.02485,0.34139304849567254,2.8109761094744545,1.0,0.0160096545,1.3339519086357947,0.6948282375522752,0.14670287502213827,0.2503477872581783,0.27300199975215905
energy drink,airpods,0.07525,0.12145,0.02525,0.3355481727574751,2.7628503314736528,1.0,0.016110887500000004,1.32221775,0.689975615566423,0.147273257509478,0.24369492090088798,0.27172633010043373
