cluster,number_of_baskets,number_of_customers_with_baskets,average_basket_size,median_basket_size,average_distinct_products_per_basket,total_items_in_baskets,number_of_distinct_products,share_of_cluster_customers_with_baskets
0,6987,2198,9.563475025046515,10.0,9.563475025046515,66820,164,0.8392516227567774
1,50385,15518,9.440627170784955,9.0,9.440627170784955,475666,164,0.8440576556975795
2,24502,4932,9.517957717737328,10.0,9.517957717737328,233209,164,0.8905742145178764
3,9362,2982,9.006302072206793,9.0,9.006302072206793,84317,164,0.839527027027027
4,8764,2497,9.124030123231401,9.0,9.124030123231401,79963,164,0.8481657608695652
