feature_set_variant,k,number_of_features,silhouette_score,calinski_harabasz_score,davies_bouldin_score,min_cluster_size,max_cluster_size,min_cluster_percentage,max_cluster_percentage
current,5,25,0.1352219973164422,3650.8088411753197,2.1086296949239367,2234,10841,6.761910527271627,32.813729644651616
without_total_spend,5,24,0.12262282426388328,3553.788259924209,2.1822097509945593,2157,10935,6.528845571765846,33.0982504994249
without_categorical_dummies,5,20,0.14115601600203084,3841.553194942843,2.057096065933998,2233,10769,6.758883709667655,32.59579877716568
spend_shares_only_plus_behaviour,5,17,0.1345000969782899,4165.445541299411,2.0537451922931385,2175,11482,6.583328288637327,34.75391972879714
demographics_behaviour_no_spend,5,14,0.1254631417926233,3610.5541708093265,2.034498256304102,3063,10104,9.271142320963738,30.58296507052485
compact_business_set,5,20,0.1411560160020309,3841.553194942843,2.057096065933998,2233,10769,6.758883709667655,32.59579877716568
current,6,25,0.12731080256192914,3402.138050292508,2.0962598688086187,2008,9816,6.077849748774139,29.71124160058115
compact_business_set,6,20,0.1332373536105807,3594.1831218984366,2.0364852719172966,2001,9844,6.056662025546341,29.795992493492342
