cluster,share_groceries,share_electronics,share_vegetables,share_nonalcohol_drinks,share_alcohol_drinks,share_meat,share_fish,share_hygiene,share_videogames,share_petfood
0,0.4378050594395084,0.13058634706743605,0.051952690012261764,0.03906247528393272,0.04711098846424873,0.09509345778943683,0.0663381202487873,0.07505634533650625,0.02499321291316078,0.04240490959071823
1,0.7594077031321197,0.06690683328919914,0.02416373407771659,0.0157197903878567,0.023995731271379894,0.033304308098708206,0.02545616986031817,0.030666928413995057,0.00953473551746083,0.015219694100947805
2,0.5742662999172599,0.09882165552514248,0.12746222659449474,0.03660493758330686,0.02121920529898303,0.008265210835911767,0.007381733898182233,0.09559191475119963,0.011788701462938077,0.02394268615832571
3,0.3643968770979442,0.3747860790370407,0.01434623326947088,0.0254019482354548,0.048197072104185966,0.04128770022325391,0.037541632189855886,0.015962858709634303,0.07390494353858133,0.014895002984380637
4,0.6521397508686971,0.13898214977897175,0.02300256068838105,0.022919015034980113,0.042290224682944064,0.04182530757293473,0.036925694105611875,0.026406622498272237,0.01175166781550759,0.010539652940326261
