cluster,age_mean,age_median,customer_tenure_mean,customer_tenure_median,total_lifetime_spend_mean,total_lifetime_spend_median,lifetime_total_distinct_products_mean,lifetime_total_distinct_products_median,percentage_of_products_bought_promotion_mean,percentage_of_products_bought_promotion_median,number_complaints_mean,number_complaints_median,distinct_stores_visited_mean,distinct_stores_visited_median,has_loyalty_card_mean,has_loyalty_card_median,total_children_home_mean,total_children_home_median,has_children_mean,has_children_median
0,62.17636445647271,65.0,14.649507609668756,15.0,10809.504028648165,9862.0,173.33348254252462,161.0,0.3924182428733031,0.3491526655930405,0.9775743707093821,1.0,3.6683235427022143,4.0,0.6723366159355416,1.0,1.9940530649588288,2.0,0.8661593554162936,1.0
1,62.9003984063745,64.0,16.264920210312702,17.0,36521.74827045476,33599.0,238.07619223318883,230.0,0.25591223510098354,0.2142341113756492,0.8248566325091661,1.0,3.187028235951915,3.0,0.7109122774651785,1.0,2.9690469470317056,2.0,0.9313716446822249,1.0
2,60.742401444477885,61.0,13.346642739644086,14.0,16669.059069836996,16643.0,102.59727830118139,98.0,0.12903948448711602,0.11940057836148565,0.6674801708358755,1.0,3.391343688734731,3.0,0.5821743681770599,1.0,1.8972519083969466,2.0,0.9528936742934051,1.0
3,49.851152401259014,44.0,11.609465062190312,12.0,17163.87299019112,15616.0,91.75255334209729,69.0,0.5196256305976517,0.5308803186395445,1.171039041520347,1.0,3.457037643207856,3.0,0.5294771968854283,1.0,1.5465044339038978,2.0,0.8014966123976135,1.0
4,59.13895486935867,59.0,11.549749040448775,12.0,23296.66135222911,23207.0,105.76380277531739,100.0,0.2599546451458748,0.2521403582382988,1.0593910159782935,1.0,1.4938933571641346,1.0,0.4706229701801004,0.0,0.577282313949985,0.0,0.4366696191319752,0.0
