k,seed_a,seed_b,adjusted_rand_index
5,0,21,0.9985502055242563
5,0,42,0.9985502055242563
5,0,99,0.9984555896992627
5,0,123,0.9992655805451949
5,21,42,1.0
5,21,99,0.9999052739429527
5,21,123,0.9992841519733288
5,42,99,0.9999052739429527
5,42,123,0.9992841519733288
5,99,123,0.9991894782983431
